Burkholderia vietnamiensis G4	1:CP000614.1	2:CP000615.1	3:CP000616.1					
Vibrio cholerae	1:CP007653.1	2:CP007654.1	3:CP007655.1					
Brucella suis	1:CP009096.1	2:CP009097.1						
Brucella abortus	1:CP009098.1	2:CP009099.1						
Burkholderia pseudomallei	1:CP012094.1	2:CP012093.1						
Vibrio cholerae	1:CP013307.1	2:CP013308.1						
Burkholderia cenocepacia	1:CP013397.1	2:CP013396.1						
Clostridium butyricum	1:CP016332.1	2:CP016333.1						
Brucella suis	1:CP017012.1	2:CP017013.1						
Leptospira interrogans serovar Copenhageni/Icterohaemorrhagiae	1:CP018146.1	2:CP018147.1						
Ochrobactrum pituitosum	1:CP018779.1	2:CP018782.1	3:CP018780.1					
Brucella vulpis	1:LN998033.1	2:LN998034.1						
Deinococcus radiodurans R1	1:NC_001263.1/AE000513.1	2:NC_001264.1/AE001825.1						
Vibrio parahaemolyticus RIMD 2210633	1:NC_004603.1/BA000031.2	2:NC_004605.1/BA000032.2						
Burkholderia mallei ATCC 23344	1:NC_006348.1/CP000010.1	2:NC_006349.2/CP000011.2						
Burkholderia pseudomallei K96243	1:NC_006350.1/BX571965.1	2:NC_006351.1/BX571966.1						
Photobacterium profundum SS9	1:NC_006370.1/CR354531.1	2:NC_006371.1/CR354532.1						
Ralstonia eutropha JMP134	1:NC_007347.1/CP000090.1	2:NC_007348.1/CP000091.1						
Rhodobacter sphaeroides 2.4.1	1:NC_007493.2/CP000143.2	2:NC_007494.2/CP000144.2						
Burkholderia lata	1:NC_007510.1/CP000151.1	2:NC_007511.1/CP000152.1	3:NC_007509.1/CP000150.1					
Paraburkholderia xenovorans LB400	1:NC_007951.1/CP000270.1	2:NC_007952.1/CP000271.1	3:NC_007953.1/CP000272.1					
Burkholderia cenocepacia AU 1054	1:NC_008060.1/CP000378.1	2:NC_008061.1/CP000379.1	3:NC_008062.1/CP000380.1					
Ralstonia eutropha H16	1:NC_008313.1/AM260479.1	2:NC_008314.1/AM260480.1						
Burkholderia ambifaria AMMD	1:NC_008390.1/CP000440.1	2:NC_008391.1/CP000441.1	3:NC_008392.1/CP000442.1					
Leptospira borgpetersenii serovar Hardjo-bovis str. L550	1:NC_008508.1/CP000348.1	2:NC_008509.1/CP000349.1						
Leptospira borgpetersenii serovar Hardjo-bovis str. JB197	1:NC_008510.1/CP000350.1	2:NC_008511.1/CP000351.1						
Burkholderia cenocepacia HI2424	1:NC_008542.1/CP000458.1	2:NC_008543.1/CP000459.1	3:NC_008544.1/CP000460.1					
Paracoccus denitrificans PD1222	1:NC_008686.1/CP000489.1	2:NC_008687.1/CP000490.1						
Rhodobacter sphaeroides ATCC 17029	1:NC_009049.1/CP000577.1	2:NC_009050.1/CP000578.1						
Vibrio cholerae O395	1:NC_009456.1/CP000626.1	2:NC_009457.1/CP000627.1						
Ochrobactrum anthropi ATCC 49188	1:NC_009667.1/CP000758.1	2:NC_009668.1/CP000759.1						
Burkholderia multivorans ATCC 17616	1:NC_010084.1/CP000868.1	2:NC_010086.1/CP000869.1	3:NC_010087.1/CP000870.1					
Burkholderia cenocepacia MC0-3	1:NC_010508.1/CP000958.1	2:NC_010515.1/CP000959.1	3:NC_010512.1/CP000960.1					
Cupriavidus taiwanensis LMG 19424	1:NC_010528.1/CU633749.1	2:NC_010530.1/CU633750.1						
Burkholderia ambifaria MC40-6	1:NC_010551.1/CP001025.1	2:NC_010552.1/CP001026.1	3:NC_010557.1/CP001027.1					
Paraburkholderia phymatum STM815	1:NC_010622.1/CP001043.1	2:NC_010623.1/CP001044.1						
Paraburkholderia phytofirmans PsJN	1:NC_010681.1/CP001052.1	2:NC_010676.1/CP001053.1						
Ralstonia pickettii 12J	1:NC_010682.1/CP001068.1	2:NC_010678.1/CP001069.1						
Brucella abortus S19	1:NC_010742.1/CP000887.1	2:NC_010740.1/CP000888.1						
Burkholderia multivorans ATCC 17616	1:NC_010804.1/AP009385.1	2:NC_010805.1/AP009386.1	3:NC_010801.1/AP009387.1					
Burkholderia cenocepacia J2315	1:NC_011000.1/AM747720.1	2:NC_011001.1/AM747721.1	3:NC_011002.1/AM747722.1					
Aliivibrio salmonicida LFI1238	1:NC_011312.1/FM178379.1	2:NC_011313.1/FM178380.1						
Vibrio tasmaniensis LGP32	1:NC_011753.2/FM954972.2	2:NC_011744.2/FM954973.2						
Rhodobacter sphaeroides KD131	1:NC_011963.1/CP001150.1	2:NC_011958.1/CP001151.1						
Agrobacterium radiobacter K84	1:NC_011985.1/CP000628.1	2:NC_011983.1/CP000629.1						
Agrobacterium vitis S4	1:NC_011989.1/CP000633.1	2:NC_011988.1/CP000634.1						
Halorubrum lacusprofundi ATCC 49239	1:NC_012029.1/CP001365.1	2:NC_012028.1/CP001366.1						
Vibrio cholerae MJ-1236	1:NC_012668.1/CP001485.1	2:NC_012667.1/CP001486.1						
Burkholderia glumae BGR1	1:NC_012724.2/CP001503.2	2:NC_012721.2/CP001504.2						
Variovorax paradoxus S110	1:NC_012791.1/CP001635.1	2:NC_012792.1/CP001636.1						
Ralstonia pickettii 12D	1:NC_012856.1/CP001644.1	2:NC_012857.1/CP001645.1						
Brucella microti CCM 4915	1:NC_013119.1/CP001578.1	2:NC_013118.1/CP001579.1						
Vibrio antiquarius	1:NC_013456.1/CP001805.1	2:NC_013457.1/CP001806.1						
Sphaerobacter thermophilus DSM 20745	1:NC_013523.1/CP001823.1	2:NC_013524.1/CP001824.1						
Thermobaculum terrenum ATCC BAA-798	1:NC_013525.1/CP001825.1	2:NC_013526.1/CP001826.1						
Sphingobium japonicum UT26S	1:NC_014006.1/AP010803.1	2:NC_014013.1/AP010804.1						
Burkholderia sp. CCGE1002	1:NC_014117.1/CP002013.1	2:NC_014118.1/CP002014.1	3:NC_014119.1/CP002015.1					
Nocardiopsis dassonvillei subsp. dassonvillei DSM 43111	1:NC_014210.1/CP002040.1	2:NC_014211.1/CP002041.1						
Butyrivibrio proteoclasticus B316	1:NC_014387.1/CP001810.1	2:NC_014388.1/CP001811.1						
Burkholderia sp. CCGE1003	1:NC_014539.1/CP002217.1	2:NC_014540.1/CP002218.1						
Asticcacaulis excentricus CB 48	1:NC_014816.1/CP002395.1	2:NC_014817.1/CP002396.1						
Burkholderia sp. CCGE1001	1:NC_015136.1/CP002519.1	2:NC_015137.1/CP002520.1						
Burkholderia gladioli BSR3	1:NC_015381.1/CP002599.1	2:NC_015376.1/CP002600.1						
Sinorhizobium meliloti AK83	1:NC_015590.1/CP002781.1	2:NC_015596.1/CP002782.1	3:NC_015591.1/CP002783.1					
Sphingobium chlorophenolicum L-1	1:NC_015593.1/CP002798.1	2:NC_015594.1/CP002799.1						
Cupriavidus necator N-1	1:NC_015726.1/CP002877.1	2:NC_015723.1/CP002878.1						
Brucella pinnipedialis B2/94	1:NC_015857.1/CP002078.1	2:NC_015858.1/CP002079.1						
Chloracidobacterium thermophilum B	1:NC_016024.1/CP002514.1	2:NC_016025.1/CP002515.1						
Vibrio cholerae O1 str. 2010EL-1786	1:NC_016445.1/CP003069.1	2:NC_016446.1/CP003070.1						
Burkholderia sp. YI23	1:NC_016589.1/CP003087.1	2:NC_016625.1/CP003088.1	3:NC_016590.1/CP003089.1					
Vibrio furnissii NCTC 11218	1:NC_016602.1/CP002377.1	2:NC_016628.1/CP002378.1						
Vibrio sp. EJY3	1:NC_016613.1/CP003241.1	2:NC_016614.1/CP003242.1						
Brucella canis HSK A52141	1:NC_016778.1/CP003174.1	2:NC_016796.1/CP003175.1						
Brucella abortus A13334	1:NC_016795.1/CP003176.1	2:NC_016777.1/CP003177.1						
Brucella melitensis M28	1:NC_017244.1/CP002459.1	2:NC_017245.1/CP002460.1						
Leptospira interrogans serovar Lai str. IPAV	1:NC_017551.1/CP001221.1	2:NC_017552.1/CP001222.1						
Burkholderia pseudomallei 1026b	1:NC_017831.1/CP002833.1	2:NC_017832.1/CP002834.1						
Burkholderia sp. KJ006	1:NC_017920.1/CP003514.1	2:NC_017921.1/CP003515.1	3:NC_017922.1/CP003516.1					
Burkholderia cepacia GG4	1:NC_018513.1/CP003774.1	2:NC_018514.1/CP003775.1						
Paraburkholderia phenoliruptrix BR3459a	1:NC_018695.1/CP003863.1	2:NC_018672.1/CP003864.1						
Vibrio parahaemolyticus BB22OP	1:NC_019955.1/CP003972.1	2:NC_019971.1/CP003973.1						
Prevotella dentalis DSM 3688	1:NC_019960.1/CP003368.1	2:NC_019968.1/CP003369.1						
Burkholderia thailandensis MSMB121	1:NC_021173.1/CP004095.1	2:NC_021174.1/CP004096.1						
Burkholderia sp. RPE64	1:NC_021287.1/AP013058.1	2:NC_021294.1/AP013059.1	3:NC_021288.1/AP013060.1					
Burkholderia pseudomallei MSHR305	1:NC_021877.1/CP006469.1	2:NC_021884.1/CP006470.1						
Vibrio anguillarum M3	1:NC_022223.1/CP006699.1	2:NC_022224.1/CP006700.1						
Variovorax paradoxus B4	1:NC_022247.1/CP003911.1	2:NC_022234.1/CP003912.1						
Vibrio alginolyticus NBRC 15630 = ATCC 17749	1:NC_022349.1/CP006718.1	2:NC_022359.1/CP006719.1						
Vibrio nigripulchritudo	1:NC_022528.1/FO203526.1	2:NC_022543.1/FO203527.1						
Haloarcula hispanica N601	1:NC_023013.1/CP006884.1	2:NC_023010.2/CP006885.2						
Rhodobacter sphaeroides 2.4.1	1:NZ_AKBU01000001.1/AKBU01000001.1	2:NZ_AKBU01000002.1/AKBU01000002.1						
Vibrio cholerae H1	1:NZ_AKGH01000001.1/AKGH01000001.1	2:NZ_AKGH01000002.1/AKGH01000002.1						
Rhodobacter sphaeroides 2.4.1	1:NZ_AKVW01000001.1/AKVW01000001.1	2:NZ_AKVW01000002.1/AKVW01000002.1						
Vibrio cholerae MS6	1:NZ_AP014524.1/AP014524.1	2:NZ_AP014525.1/AP014525.1						
Burkholderia sp. RPE67	1:NZ_AP014576.1/AP014576.1	2:NZ_AP014577.1/AP014577.1	3:NZ_AP014578.1/AP014578.1					
Prevotella intermedia	1:NZ_AP014926.1/AP014926.1	2:NZ_AP014925.1/AP014925.1						
Burkholderia thailandensis E264	1:NZ_CM000438.1/CM000438.1	2:NZ_CM000439.1/CM000439.1						
Agrobacterium tumefaciens WRT31	1:NZ_CM002024.1/CM002024.1	2:NZ_CM002025.1/CM002025.1						
Agrobacterium tumefaciens P4	1:NZ_CM002258.1/CM002258.1	2:NZ_CM002259.1/CM002259.1						
Burkholderia dolosa PC543	1:NZ_CM002277.1/CM002277.1	2:NZ_CM002278.1/CM002278.1	3:NZ_CM002279.1/CM002279.1					
Burkholderia pseudomallei MSHR435	1:NZ_CM003019.1/CM003019.1	2:NZ_CM003020.1/CM003020.1						
Burkholderia humptydooensis	1:NZ_CM003626.1/CM003626.1	2:NZ_CM003627.1/CM003627.1						
Burkholderia ubonensis	1:NZ_CM003771.1/CM003771.1	2:NZ_CM003772.1/CM003772.1						
Burkholderia territorii	1:NZ_CM004191.1/CM004191.1	2:NZ_CM004192.1/CM004192.1	3:NZ_CM004193.1/CM004193.1					
Burkholderia glumae PG1	1:NZ_CP002580.1/CP002580.1	2:NZ_CP002581.1/CP002581.1						
Flammeovirga sp. MY04	1:NZ_CP003560.1/CP003560.1	2:NZ_CP003561.1/CP003561.1						
Burkholderia thailandensis H0587	1:NZ_CP004089.1/CP004089.1	2:NZ_CP004090.1/CP004090.1						
Burkholderia thailandensis 2002721723	1:NZ_CP004097.1/CP004097.1	2:NZ_CP004098.1/CP004098.1						
Burkholderia thailandensis E444	1:NZ_CP004117.1/CP004117.1	2:NZ_CP004118.1/CP004118.1						
Burkholderia pseudomallei NAU35A-3	1:NZ_CP004377.1/CP004377.1	2:NZ_CP004378.1/CP004378.1						
Burkholderia pseudomallei 1026b	1:NZ_CP004379.1/CP004379.1	2:NZ_CP004380.1/CP004380.1						
Burkholderia thailandensis E254	1:NZ_CP004381.1/CP004381.1	2:NZ_CP004382.1/CP004382.1						
Burkholderia thailandensis USAMRU Malaysia #20	1:NZ_CP004383.1/CP004383.1	2:NZ_CP004384.1/CP004384.1						
Burkholderia thailandensis MSMB59	1:NZ_CP004385.1/CP004385.1	2:NZ_CP004386.1/CP004386.1						
Sphingobium sp. TKS	1:NZ_CP005083.1/CP005083.1	2:NZ_CP005084.1/CP005084.1						
Sphingobium sp. MI1205	1:NZ_CP005188.1/CP005188.1	2:NZ_CP005189.1/CP005189.1						
Photobacterium gaetbulicola Gung47	1:NZ_CP005973.1/CP005973.1	2:NZ_CP005974.1/CP005974.1						
Leptospira interrogans serovar Linhai str. 56609	1:NZ_CP006723.1/CP006723.1	2:NZ_CP006724.1/CP006724.1						
Vibrio parahaemolyticus UCM-V493	1:NZ_CP007004.1/CP007004.1	2:NZ_CP007005.1/CP007005.1						
Fusobacterium nucleatum subsp. vincentii 3_1_27	1:NZ_CP007064.1/CP007064.1	2:NZ_CP007065.1/CP007065.1						
Burkholderia plantarii	1:NZ_CP007212.1/CP007212.1	2:NZ_CP007213.1/CP007213.1						
Ensifer adhaerens OV14	1:NZ_CP007236.1/CP007236.1	2:NZ_CP007237.1/CP007237.1						
Vibrio cholerae	1:NZ_CP007634.1/CP007634.1	2:NZ_CP007635.1/CP007635.1						
Brucella abortus	1:NZ_CP007663.1/CP007663.1	2:NZ_CP007662.1/CP007662.1						
Brucella abortus	1:NZ_CP007681.1/CP007681.1	2:NZ_CP007680.1/CP007680.1						
Brucella abortus	1:NZ_CP007682.1/CP007682.1	2:NZ_CP007683.1/CP007683.1						
Brucella abortus	1:NZ_CP007700.1/CP007700.1	2:NZ_CP007701.1/CP007701.1						
Brucella abortus bv. 9 str. C68	1:NZ_CP007705.1/CP007705.1	2:NZ_CP007706.1/CP007706.1						
Brucella abortus	1:NZ_CP007707.1/CP007707.1	2:NZ_CP007708.1/CP007708.1						
Brucella abortus bv. 6 str. 870	1:NZ_CP007709.1/CP007709.1	2:NZ_CP007710.1/CP007710.1						
Brucella suis	1:NZ_CP007717.1/CP007717.1	2:NZ_CP007716.1/CP007716.1						
Brucella suis bv. 3 str. 686	1:NZ_CP007719.1/CP007719.1	2:NZ_CP007718.1/CP007718.1						
Brucella abortus	1:NZ_CP007738.1/CP007738.1	2:NZ_CP007737.1/CP007737.1						
Brucella pinnipedialis	1:NZ_CP007743.1/CP007743.1	2:NZ_CP007742.1/CP007742.1						
Brucella canis	1:NZ_CP007758.1/CP007758.1	2:NZ_CP007759.1/CP007759.1						
Brucella melitensis bv. 3 str. Ether	1:NZ_CP007760.1/CP007760.1	2:NZ_CP007761.1/CP007761.1						
Brucella melitensis bv. 1 str. 16M	1:NZ_CP007763.1/CP007763.1	2:NZ_CP007762.1/CP007762.1						
Brucella abortus bv. 2 str. 86/8/59	1:NZ_CP007765.1/CP007765.1	2:NZ_CP007764.1/CP007764.1						
Burkholderia cenocepacia	1:NZ_CP007781.1/CP007781.1	2:NZ_CP007780.1/CP007780.1	3:NZ_CP007779.1/CP007779.1					
Burkholderia cenocepacia	1:NZ_CP007783.1/CP007783.1	2:NZ_CP007784.1/CP007784.1	3:NZ_CP007782.1/CP007782.1					
Brucella melitensis bv. 2 str. 63/9	1:NZ_CP007789.1/CP007789.1	2:NZ_CP007788.1/CP007788.1						
Burkholderia mallei NCTC 10247	1:NZ_CP007802.1/CP007802.1	2:NZ_CP007801.1/CP007801.1						
Burkholderia mallei	1:NZ_CP008704.1/CP008704.1	2:NZ_CP008705.1/CP008705.1						
Burkholderia mallei	1:NZ_CP008711.1/CP008711.1	2:NZ_CP008710.1/CP008710.1						
Burkholderia mallei	1:NZ_CP008723.1/CP008723.1	2:NZ_CP008722.1/CP008722.1						
Burkholderia oklahomensis	1:NZ_CP008726.1/CP008726.1	2:NZ_CP008727.1/CP008727.1						
Burkholderia multivorans	1:NZ_CP008730.1/CP008730.1	2:NZ_CP008729.1/CP008729.1	3:NZ_CP008728.1/CP008728.1					
Burkholderia mallei	1:NZ_CP008732.1/CP008732.2	2:NZ_CP008731.1/CP008731.2						
Brucella melitensis	1:NZ_CP008750.1/CP008750.1	2:NZ_CP008751.1/CP008751.1						
Brucella suis	1:NZ_CP008757.1/CP008757.1	2:NZ_CP008756.1/CP008756.1						
Burkholderia pseudomallei	1:NZ_CP008758.1/CP008758.1	2:NZ_CP008759.1/CP008759.1						
Paraburkholderia xenovorans LB400	1:NZ_CP008760.1/CP008760.1	2:NZ_CP008762.1/CP008762.1	3:NZ_CP008761.1/CP008761.1					
Brucella abortus	1:NZ_CP008774.1/CP008774.1	2:NZ_CP008775.1/CP008775.1						
Burkholderia pseudomallei 576	1:NZ_CP008777.1/CP008777.1	2:NZ_CP008778.1/CP008778.1						
Burkholderia pseudomallei	1:NZ_CP008780.1/CP008780.1	2:NZ_CP008779.1/CP008779.1						
Burkholderia pseudomallei	1:NZ_CP008781.1/CP008781.1	2:NZ_CP008782.1/CP008782.1						
Burkholderia pseudomallei MSHR5855	1:NZ_CP008784.1/CP008784.1	2:NZ_CP008783.1/CP008783.1						
Ochrobactrum anthropi	1:NZ_CP008820.1/CP008820.1	2:NZ_CP008819.1/CP008819.1						
Burkholderia pseudomallei	1:NZ_CP008834.1/CP008834.1	2:NZ_CP008835.1/CP008835.1						
Burkholderia pseudomallei MSHR5858	1:NZ_CP008891.1/CP008891.1	2:NZ_CP008892.1/CP008892.1						
Burkholderia pseudomallei HBPUB10303a	1:NZ_CP008894.1/CP008894.1	2:NZ_CP008893.1/CP008893.1						
Burkholderia pseudomallei MSHR5848	1:NZ_CP008909.1/CP008909.1	2:NZ_CP008910.1/CP008910.1						
Burkholderia pseudomallei HBPUB10134a	1:NZ_CP008911.1/CP008911.1	2:NZ_CP008912.1/CP008912.1						
Burkholderia thailandensis	1:NZ_CP008914.2/CP008914.2	2:NZ_CP008915.2/CP008915.2						
Burkholderia pseudomallei	1:NZ_CP008916.1/CP008916.1	2:NZ_CP008917.1/CP008917.1						
Brucella suis	1:NZ_CP009094.1/CP009094.1	2:NZ_CP009095.1/CP009095.1						
Burkholderia pseudomallei	1:NZ_CP009128.1/CP009128.1	2:NZ_CP009127.1/CP009127.1						
Burkholderia mallei	1:NZ_CP009148.1/CP009148.1	2:NZ_CP009147.1/CP009147.1						
Burkholderia pseudomallei B03	1:NZ_CP009151.1/CP009151.1	2:NZ_CP009150.1/CP009150.1						
Burkholderia pseudomallei MSHR3965	1:NZ_CP009153.1/CP009153.1	2:NZ_CP009152.1/CP009152.1						
Burkholderia pseudomallei	1:NZ_CP009157.1/CP009157.1	2:NZ_CP009156.1/CP009156.1						
Burkholderia pseudomallei TSV 48	1:NZ_CP009161.1/CP009161.1	2:NZ_CP009160.1/CP009160.1						
Burkholderia pseudomallei K42	1:NZ_CP009162.1/CP009162.1	2:NZ_CP009163.1/CP009163.1						
Burkholderia pseudomallei A79A	1:NZ_CP009165.1/CP009165.1	2:NZ_CP009164.1/CP009164.1						
Burkholderia pseudomallei	1:NZ_CP009209.1/CP009209.1	2:NZ_CP009210.1/CP009210.1						
Burkholderia pseudomallei MSHR62	1:NZ_CP009235.1/CP009235.1	2:NZ_CP009234.1/CP009234.1						
Vibrio coralliilyticus	1:NZ_CP009264.1/CP009264.2	2:NZ_CP009265.1/CP009265.2						
Burkholderia pseudomallei MSHR2243	1:NZ_CP009270.1/CP009270.1	2:NZ_CP009269.1/CP009269.1						
Burkholderia pseudomallei MSHR1153	1:NZ_CP009271.1/CP009271.1	2:NZ_CP009272.1/CP009272.1						
Burkholderia pseudomallei 406e	1:NZ_CP009298.1/CP009298.1	2:NZ_CP009297.1/CP009297.1						
Burkholderia gladioli	1:NZ_CP009323.1/CP009323.1	2:NZ_CP009322.1/CP009322.1						
Burkholderia mallei	1:NZ_CP009337.1/CP009337.1	2:NZ_CP009338.1/CP009338.1						
Vibrio tubiashii ATCC 19109	1:NZ_CP009354.1/CP009354.1	2:NZ_CP009355.1/CP009355.1						
Vibrio harveyi	1:NZ_CP009467.1/CP009467.2	2:NZ_CP009468.1/CP009468.1						
Vibrio coralliilyticus	1:NZ_CP009617.1/CP009617.1	2:NZ_CP009618.1/CP009618.1						
Brucella abortus 104M	1:NZ_CP009625.1/CP009625.1	2:NZ_CP009626.1/CP009626.1						
Burkholderia contaminans	1:NZ_CP009743.1/CP009743.1	2:NZ_CP009744.1/CP009744.1	3:NZ_CP009745.1/CP009745.1					
Vibrio parahaemolyticus	1:NZ_CP009765.1/CP009765.1	2:NZ_CP009766.1/CP009766.1						
Burkholderia dolosa AU0158	1:NZ_CP009795.1/CP009795.1	2:NZ_CP009793.1/CP009793.1	3:NZ_CP009794.1/CP009794.1					
Burkholderia ambifaria AMMD	1:NZ_CP009798.1/CP009798.1	2:NZ_CP009799.1/CP009799.1	3:NZ_CP009800.1/CP009800.1					
Burkholderia multivorans ATCC BAA-247	1:NZ_CP009832.1/CP009832.1	2:NZ_CP009831.1/CP009831.1	3:NZ_CP009830.1/CP009830.1					
Vibrio parahaemolyticus	1:NZ_CP009847.1/CP009847.1	2:NZ_CP009848.1/CP009848.1						
Pseudoalteromonas sp. OCN003	1:NZ_CP009888.1/CP009888.1	2:NZ_CP009889.1/CP009889.1						
Burkholderia pseudomallei Pasteur 52237	1:NZ_CP009899.1/CP009899.1	2:NZ_CP009898.1/CP009898.1						
Burkholderia mallei	1:NZ_CP009942.1/CP009942.1	2:NZ_CP009943.1/CP009943.1						
Vibrio natriegens NBRC 15636 = ATCC 14048 = DSM 759	1:NZ_CP009977.1/CP009977.1	2:NZ_CP009978.1/CP009978.1						
Vibrio parahaemolyticus	1:NZ_CP009982.1/CP009982.1	2:NZ_CP009983.1/CP009983.1						
Vibrio vulnificus	1:NZ_CP009984.1/CP009984.1	2:NZ_CP009985.1/CP009985.1						
Burkholderia thailandensis 34	1:NZ_CP010017.1/CP010017.1	2:NZ_CP010018.1/CP010018.1						
Paraburkholderia fungorum	1:NZ_CP010026.1/CP010026.1	2:NZ_CP010027.1/CP010027.1	3:NZ_CP010025.1/CP010025.1					
Burkholderia mallei	1:NZ_CP010065.1/CP010065.1	2:NZ_CP010066.1/CP010066.1						
Cupriavidus gilardii CR3	1:NZ_CP010516.1/CP010516.1	2:NZ_CP010517.1/CP010517.1						
Ralstonia mannitolilytica	1:NZ_CP010799.1/CP010799.2	2:NZ_CP010800.1/CP010800.1						
Vibrio parahaemolyticus	1:NZ_CP010883.1/CP010883.1	2:NZ_CP010884.1/CP010884.1						
Burkholderia pseudomallei	1:NZ_CP010973.1/CP010973.1	2:NZ_CP010974.1/CP010974.1						
Ralstonia mannitolilytica	1:NZ_CP011257.1/CP011257.1	2:NZ_CP011258.1/CP011258.1						
Vibrio parahaemolyticus	1:NZ_CP011406.1/CP011406.1	2:NZ_CP011407.1/CP011407.1						
Burkholderia pyrrocinia	1:NZ_CP011503.1/CP011503.1	2:NZ_CP011504.1/CP011504.1	3:NZ_CP011505.1/CP011505.1					
Burkholderia cenocepacia	1:NZ_CP011917.1/CP011917.1	2:NZ_CP011918.1/CP011918.1	3:NZ_CP011919.1/CP011919.1					
Leptospira interrogans serovar Manilae	1:NZ_CP011931.1/CP011931.1	2:NZ_CP011932.1/CP011932.1						
Leptospira interrogans serovar Manilae	1:NZ_CP011934.1/CP011934.1	2:NZ_CP011935.1/CP011935.1						
Leptospira borgpetersenii serovar Ballum	1:NZ_CP012029.1/CP012029.1	2:NZ_CP012030.1/CP012030.1						
Burkholderia pseudomallei	1:NZ_CP012041.1/CP012041.1	2:NZ_CP012042.1/CP012042.1						
Prevotella fusca JCM 17724	1:NZ_CP012074.1/CP012074.1	2:NZ_CP012075.1/CP012075.1						
Burkholderia sp. HB1	1:NZ_CP012192.1/CP012192.1	2:NZ_CP012193.1/CP012193.1						
Azospirillum thiophilum	1:NZ_CP012401.1/CP012401.1	2:NZ_CP012402.1/CP012402.1	3:NZ_CP012403.1/CP012403.1	4:NZ_CP012404.1/CP012404.1	5:NZ_CP012405.1/CP012405.1	6:NZ_CP012406.1/CP012406.1	7:NZ_CP012407.1/CP012407.1	8:NZ_CP012408.1/CP012408.1
Burkholderia pseudomallei	1:NZ_CP012515.1/CP012515.1	2:NZ_CP012516.1/CP012516.1						
Burkholderia pseudomallei	1:NZ_CP012517.1/CP012517.1	2:NZ_CP012518.1/CP012518.1						
Burkholderia pseudomallei	1:NZ_CP012576.1/CP012576.1	2:NZ_CP012577.1/CP012577.1						
Ralstonia insidiosa	1:NZ_CP012605.1/CP012605.1	2:NZ_CP012606.1/CP012606.1						
Vibrio vulnificus	1:NZ_CP012739.1/CP012739.1	2:NZ_CP012740.1/CP012740.1						
Paraburkholderia caribensis MBA4	1:NZ_CP012746.1/CP012746.1	2:NZ_CP012747.1/CP012747.1						
Vibrio parahaemolyticus	1:NZ_CP012950.1/CP012950.1	2:NZ_CP012951.1/CP012951.1						
Rhodobacter sphaeroides	1:NZ_CP012960.1/CP012960.1	2:NZ_CP012961.1/CP012961.1						
Vibrio cholerae	1:NZ_CP012997.1/CP012997.1	2:NZ_CP012998.1/CP012998.1						
Vibrio cholerae	1:NZ_CP013013.1/CP013013.1	2:NZ_CP013014.1/CP013014.1						
Paraburkholderia caribensis	1:NZ_CP013102.1/CP013102.1	2:NZ_CP013103.1/CP013103.1						
Leptospira interrogans serovar Hardjo-prajitno	1:NZ_CP013147.1/CP013147.1	2:NZ_CP013148.1/CP013148.1						
Vibrio parahaemolyticus	1:NZ_CP013248.1/CP013248.1	2:NZ_CP013249.1/CP013249.1						
Clostridium butyricum	1:NZ_CP013252.1/CP013252.1	2:NZ_CP013489.1/CP013489.1						
Vibrio cholerae	1:NZ_CP013301.1/CP013301.1	2:NZ_CP013302.1/CP013302.1						
Vibrio cholerae	1:NZ_CP013303.1/CP013303.1	2:NZ_CP013304.1/CP013304.1						
Vibrio cholerae	1:NZ_CP013305.1/CP013305.1	2:NZ_CP013306.1/CP013306.1						
Vibrio cholerae	1:NZ_CP013309.1/CP013309.1	2:NZ_CP013310.1/CP013310.1						
Vibrio cholerae	1:NZ_CP013313.1/CP013313.1	2:NZ_CP013314.1/CP013314.1						
Vibrio cholerae	1:NZ_CP013315.1/CP013315.1	2:NZ_CP013316.1/CP013316.1						
Vibrio cholerae	1:NZ_CP013317.1/CP013317.1	2:NZ_CP013318.1/CP013318.1						
Vibrio cholerae	1:NZ_CP013319.1/CP013319.1	2:NZ_CP013320.1/CP013320.1						
Paraburkholderia caribensis	1:NZ_CP013347.1/CP013347.1	2:NZ_CP013348.1/CP013348.1	3:NZ_CP013349.1/CP013349.1					
Clostridium butyricum	1:NZ_CP013352.1/CP013352.1	2:NZ_CP013353.1/CP013353.1						
Burkholderia thailandensis	1:NZ_CP013360.1/CP013360.1	2:NZ_CP013361.1/CP013361.1						
Burkholderia diffusa	1:NZ_CP013362.1/CP013362.1	2:NZ_CP013363.1/CP013363.1	3:NZ_CP013364.1/CP013364.1					
Burkholderia territorii	1:NZ_CP013366.1/CP013366.1	2:NZ_CP013365.1/CP013365.1	3:NZ_CP013367.1/CP013367.1					
Burkholderia ubonensis	1:NZ_CP013370.1/CP013370.1	2:NZ_CP013371.1/CP013371.1	3:NZ_CP013368.1/CP013368.1					
Burkholderia cepacia	1:NZ_CP013375.1/CP013375.1	2:NZ_CP013376.1/CP013376.1						
Burkholderia pseudomultivorans	1:NZ_CP013378.1/CP013378.1	2:NZ_CP013377.1/CP013377.1						
Burkholderia sp. Bp5365	1:NZ_CP013380.1/CP013380.1	2:NZ_CP013382.1/CP013382.1						
Burkholderia vietnamiensis	1:NZ_CP013393.1/CP013393.1	2:NZ_CP013394.1/CP013394.1	3:NZ_CP013395.1/CP013395.1					
Burkholderia seminalis	1:NZ_CP013398.1/CP013398.1	2:NZ_CP013400.1/CP013400.1	3:NZ_CP013399.1/CP013399.1					
Burkholderia metallica	1:NZ_CP013401.1/CP013401.1	2:NZ_CP013403.1/CP013403.1	3:NZ_CP013402.1/CP013402.1					
Burkholderia lata	1:NZ_CP013404.1/CP013404.1	2:NZ_CP013406.1/CP013406.1	3:NZ_CP013405.1/CP013405.1					
Burkholderia thailandensis	1:NZ_CP013407.1/CP013407.1	2:NZ_CP013408.1/CP013408.1						
Burkholderia thailandensis	1:NZ_CP013409.1/CP013409.1	2:NZ_CP013410.1/CP013410.1						
Burkholderia thailandensis	1:NZ_CP013411.1/CP013411.1	2:NZ_CP013413.1/CP013413.1						
Burkholderia ubonensis	1:NZ_CP013414.1/CP013414.1	2:NZ_CP013416.1/CP013416.1						
Burkholderia ubonensis	1:NZ_CP013420.1/CP013420.1	2:NZ_CP013422.1/CP013422.1	3:NZ_CP013421.1/CP013421.1					
Burkholderia multivorans	1:NZ_CP013430.1/CP013430.1	2:NZ_CP013431.1/CP013431.1	3:NZ_CP013432.1/CP013432.1					
Burkholderia vietnamiensis	1:NZ_CP013433.1/CP013433.1	2:NZ_CP013434.1/CP013434.1						
Burkholderia latens	1:NZ_CP013435.1/CP013435.1	2:NZ_CP013438.1/CP013438.1	3:NZ_CP013437.1/CP013437.1					
Burkholderia vietnamiensis	1:NZ_CP013439.1/CP013439.1	2:NZ_CP013440.1/CP013440.1	3:NZ_CP013441.1/CP013441.1					
Burkholderia ubonensis	1:NZ_CP013446.1/CP013446.1	2:NZ_CP013447.1/CP013447.1	3:NZ_CP013445.1/CP013445.1					
Burkholderia sp. Bp7605	1:NZ_CP013448.1/CP013448.1	2:NZ_CP013449.1/CP013449.1						
Burkholderia cenocepacia	1:NZ_CP013450.1/CP013450.1	2:NZ_CP013452.1/CP013452.1	3:NZ_CP013451.1/CP013451.1					
Burkholderia vietnamiensis	1:NZ_CP013453.1/CP013453.1	2:NZ_CP013455.1/CP013455.1	3:NZ_CP013456.1/CP013456.1					
Burkholderia stagnalis	1:NZ_CP013459.1/CP013459.1	2:NZ_CP013461.1/CP013461.1	3:NZ_CP013460.1/CP013460.1					
Burkholderia ubonensis	1:NZ_CP013463.1/CP013463.1	2:NZ_CP013464.1/CP013464.1	3:NZ_CP013465.1/CP013465.1					
Burkholderia multivorans	1:NZ_CP013467.1/CP013467.1	2:NZ_CP013466.1/CP013466.1	3:NZ_CP013468.1/CP013468.1					
Pseudoalteromonas rubra	1:NZ_CP013611.1/CP013611.1	2:NZ_CP013612.1/CP013612.1						
Brucella suis 019	1:NZ_CP013963.1/CP013963.1	2:NZ_CP013964.1/CP013964.1						
Vibrio fluvialis	1:NZ_CP014034.1/CP014034.1	2:NZ_CP014035.1/CP014035.1						
Vibrio harveyi	1:NZ_CP014038.1/CP014038.1	2:NZ_CP014039.1/CP014039.1						
Vibrio mimicus	1:NZ_CP014042.1/CP014042.1	2:NZ_CP014043.1/CP014043.1						
Vibrio parahaemolyticus	1:NZ_CP014046.1/CP014046.1	2:NZ_CP014047.1/CP014047.1						
Vibrio vulnificus	1:NZ_CP014048.1/CP014048.1	2:NZ_CP014049.1/CP014049.1						
Grimontia hollisae	1:NZ_CP014056.1/CP014056.1	2:NZ_CP014055.1/CP014055.1						
Burkholderia sp. PAMC 26561	1:NZ_CP014306.1/CP014306.1	2:NZ_CP014307.1/CP014307.1						
Burkholderia sp. PAMC 28687	1:NZ_CP014505.1/CP014505.1	2:NZ_CP014506.1/CP014506.1	3:NZ_CP014507.1/CP014507.1					
Burkholderia sp. OLGA172	1:NZ_CP014578.1/CP014578.1	2:NZ_CP014579.1/CP014579.1						
Yangia sp. CCB-MM3	1:NZ_CP014595.1/CP014595.1	2:NZ_CP014596.1/CP014596.1						
Clostridium butyricum	1:NZ_CP014704.1/CP014704.1	2:NZ_CP014705.1/CP014705.1						
Cupriavidus nantongensis	1:NZ_CP014844.1/CP014844.1	2:NZ_CP014845.1/CP014845.1						
Burkholderia cenocepacia	1:NZ_CP015033.1/CP015033.1	2:NZ_CP015034.1/CP015034.1	3:NZ_CP015035.1/CP015035.1					
Burkholderia cenocepacia	1:NZ_CP015036.1/CP015036.1	2:NZ_CP015037.1/CP015037.1						
Leptospira borgpetersenii serovar Hardjo	1:NZ_CP015044.1/CP015044.1	2:NZ_CP015045.1/CP015045.1						
Leptospira borgpetersenii serovar Hardjo	1:NZ_CP015046.1/CP015046.1	2:NZ_CP015047.1/CP015047.1						
Leptospira borgpetersenii serovar Hardjo	1:NZ_CP015048.1/CP015048.1	2:NZ_CP015049.1/CP015049.1						
Leptospira borgpetersenii serovar Hardjo	1:NZ_CP015050.1/CP015050.1	2:NZ_CP015051.1/CP015051.1						
Leptospira borgpetersenii serovar Hardjo	1:NZ_CP015052.1/CP015052.1	2:NZ_CP015053.1/CP015053.1						
Deinococcus radiodurans R1	1:NZ_CP015081.1/CP015081.1	2:NZ_CP015082.1/CP015082.1						
Rhodobacter sphaeroides	1:NZ_CP015210.1/CP015210.1	2:NZ_CP015211.1/CP015211.1						
Leptospira alstonii	1:NZ_CP015217.1/CP015217.1	2:NZ_CP015218.1/CP015218.1						
Pseudoalteromonas luteoviolacea	1:NZ_CP015411.1/CP015411.1	2:NZ_CP015412.1/CP015412.1						
Pseudoalteromonas luteoviolacea	1:NZ_CP015413.1/CP015413.1	2:NZ_CP015414.1/CP015414.1						
Pseudoalteromonas luteoviolacea	1:NZ_CP015415.1/CP015415.1	2:NZ_CP015416.1/CP015416.1						
Roseomonas gilardii	1:NZ_CP015583.1/CP015583.1	2:NZ_CP015584.1/CP015584.1						
Ochrobactrum pseudogrignonense	1:NZ_CP015775.1/CP015775.1	2:NZ_CP015776.1/CP015776.1						
Leptospira borgpetersenii str. 4E	1:NZ_CP015814.2/CP015814.2	2:NZ_CP015815.2/CP015815.2						
Sphingobium sp. EP60837	1:NZ_CP015986.1/CP015986.1	2:NZ_CP015987.1/CP015987.1						
Ralstonia insidiosa	1:NZ_CP016022.1/CP016022.1	2:NZ_CP016023.1/CP016023.1						
Vibrio breoganii	1:NZ_CP016177.1/CP016177.1	2:NZ_CP016178.1/CP016178.1						
Prevotella scopos JCM 17725	1:NZ_CP016204.1/CP016204.1	2:NZ_CP016205.1/CP016205.1						
Vibrio alginolyticus	1:NZ_CP016224.1/CP016224.1	2:NZ_CP016225.1/CP016225.1						
Vibrio scophthalmi	1:NZ_CP016307.1/CP016307.1	2:NZ_CP016308.1/CP016308.1						
Rhizobium sp. S41	1:NZ_CP016320.1/CP016320.1	2:NZ_CP016433.1/CP016433.1						
Vibrio cholerae 2740-80	1:NZ_CP016324.1/CP016324.1	2:NZ_CP016325.1/CP016325.1						
Vibrio natriegens NBRC 15636 = ATCC 14048 = DSM 759	1:NZ_CP016345.1/CP016345.1	2:NZ_CP016346.1/CP016346.1						
Vibrio natriegens	1:NZ_CP016347.1/CP016347.1	2:NZ_CP016348.1/CP016348.1						
Vibrio natriegens	1:NZ_CP016349.1/CP016349.1	2:NZ_CP016350.1/CP016350.1						
Vibrio natriegens	1:NZ_CP016351.1/CP016351.1	2:NZ_CP016352.1/CP016352.1						
Vibrio mimicus	1:NZ_CP016383.1/CP016383.1	2:NZ_CP016384.1/CP016384.1						
Vibrio scophthalmi	1:NZ_CP016414.1/CP016414.1	2:NZ_CP016415.1/CP016415.1						
Burkholderia stabilis	1:NZ_CP016442.1/CP016442.1	2:NZ_CP016443.1/CP016443.1	3:NZ_CP016444.1/CP016444.1					
Burkholderia pseudomallei	1:NZ_CP016636.1/CP016636.1	2:NZ_CP016637.1/CP016637.1						
Burkholderia pseudomallei	1:NZ_CP016638.1/CP016638.1	2:NZ_CP016639.1/CP016639.1						
Burkholderia pseudomallei	1:NZ_CP016909.1/CP016909.1	2:NZ_CP016910.1/CP016910.1						
Burkholderia pseudomallei	1:NZ_CP016911.1/CP016911.1	2:NZ_CP016912.1/CP016912.1						
Brucella canis	1:NZ_CP016973.1/CP016973.1	2:NZ_CP016974.1/CP016974.1						
Brucella canis	1:NZ_CP016975.1/CP016975.1	2:NZ_CP016976.1/CP016976.1						
Brucella canis	1:NZ_CP016977.1/CP016977.1	2:NZ_CP016978.1/CP016978.1						
Brucella sp. 2002734562	1:NZ_CP016979.1/CP016979.1	2:NZ_CP016980.1/CP016980.1						
Brucella suis	1:NZ_CP016981.1/CP016981.1	2:NZ_CP016982.1/CP016982.1						
Brucella melitensis	1:NZ_CP016983.1/CP016983.1	2:NZ_CP016984.1/CP016984.1						
Brucella melitensis	1:NZ_CP016985.1/CP016985.1	2:NZ_CP016986.1/CP016986.1						
Burkholderia pseudomallei	1:NZ_CP017044.1/CP017044.1	2:NZ_CP017045.1/CP017045.1						
Burkholderia pseudomallei	1:NZ_CP017046.1/CP017046.1	2:NZ_CP017047.1/CP017047.1						
Burkholderia pseudomallei	1:NZ_CP017048.1/CP017048.1	2:NZ_CP017049.1/CP017049.1						
Burkholderia pseudomallei	1:NZ_CP017050.1/CP017050.1	2:NZ_CP017051.1/CP017051.1						
Burkholderia mallei	1:NZ_CP017175.1/CP017175.1	2:NZ_CP017176.1/CP017176.1						
Burkholderia cenocepacia	1:NZ_CP017238.1/CP017238.1	2:NZ_CP017239.1/CP017239.1	3:NZ_CP017240.1/CP017240.1					
Paraburkholderia sprentiae WSM5005	1:NZ_CP017561.1/CP017561.1	2:NZ_CP017562.1/CP017562.1						
Cupriavidus sp. USMAA2-4	1:NZ_CP017748.1/CP017748.1	2:NZ_CP017749.1/CP017749.1						
Cupriavidus sp. USMAHM13	1:NZ_CP017751.1/CP017751.1	2:NZ_CP017752.1/CP017752.1						
Cupriavidus sp. USMAA1020	1:NZ_CP017754.1/CP017754.1	2:NZ_CP017755.1/CP017755.1						
Cupriavidus necator	1:NZ_CP017757.1/CP017757.1	2:NZ_CP017758.1/CP017758.1						
Burkholderia pseudomallei	1:NZ_CP018054.1/CP018054.1	2:NZ_CP018055.1/CP018055.1						
Vibrio harveyi	1:NZ_CP018680.2/CP018680.2	2:NZ_CP018681.2/CP018681.2						
Paraburkholderia sp. SOS3	1:NZ_CP018811.1/CP018811.1	2:NZ_CP018812.1/CP018812.1						
Vibrio parahaemolyticus	1:NZ_CP019059.1/CP019059.1	2:NZ_CP019060.1/CP019060.1						
Vibrio fluvialis	1:NZ_CP019118.1/CP019118.1	2:NZ_CP019119.1/CP019119.1						
Vibrio campbellii	1:NZ_CP019293.1/CP019293.1	2:NZ_CP019294.1/CP019294.1						
Brucella sp. 09RB8471	1:NZ_CP019346.1/CP019346.1	2:NZ_CP019347.1/CP019347.1						
Brucella sp. 09RB8910	1:NZ_CP019390.1/CP019390.1	2:NZ_CP019391.1/CP019391.1						
Burkholderia cenocepacia	1:NZ_CP019666.1/CP019666.1	2:NZ_CP019664.1/CP019664.1	3:NZ_CP019667.1/CP019667.1					
Burkholderia cenocepacia	1:NZ_CP019670.1/CP019670.1	2:NZ_CP019669.1/CP019669.1						
Burkholderia cenocepacia	1:NZ_CP019674.1/CP019674.1	2:NZ_CP019672.1/CP019672.1	3:NZ_CP019673.1/CP019673.1					
Burkholderia cenocepacia	1:NZ_CP019678.1/CP019678.1	2:NZ_CP019676.1/CP019676.1	3:NZ_CP019675.1/CP019675.1					
Agrobacterium rhizogenes	1:NZ_CP019701.1/CP019701.1	2:NZ_CP019702.1/CP019702.1						
Vibrio owensii	1:NZ_CP019959.1/CP019959.1	2:NZ_CP019960.1/CP019960.1						
Burkholderia cenocepacia H111	1:NZ_HG938370.1/HG938370.1	2:NZ_HG938371.1/HG938371.2	3:NZ_HG938372.1/HG938372.1					
Burkholderia pseudomallei	1:NZ_LK936442.1/LK936442.1	2:NZ_LK936443.1/LK936443.1						
Aliivibrio wodanis	1:NZ_LN554846.1/LN554846.1	2:NZ_LN554847.1/LN554847.1						
Brucella vulpis	1:NZ_LN997863.1/LN997863.1	2:NZ_LN997864.1/LN997864.1						
Brucella sp. 141012304	1:NZ_LT605585.1/LT605585.1	2:NZ_LT605586.1/LT605586.1						
Burkholderia pseudomallei	2:CM007659.1							
Burkholderia sp. MSMB1588	2:NZ_CM003770.1/CM003770.1							
Vibrio coralliilyticus	2:NZ_CM004383.1/CM004383.1							
Ralstonia pickettii DTP0602	3:CP006669.1	1:CP006667.1	2:CP006668.1					
Burkholderia cepacia	3:NZ_CP007785.1/CP007785.1	1:NZ_CP007787.1/CP007787.1	2:NZ_CP007786.1/CP007786.1					
Burkholderia cepacia ATCC 25416	3:NZ_CP012983.1/CP012983.1	1:NZ_CP012981.1/CP012981.1	2:NZ_CP012982.1/CP012982.1					
Burkholderia cepacia	3:NZ_CP013442.1/CP013442.1	1:NZ_CP013443.1/CP013443.1	2:NZ_CP013444.1/CP013444.1					
Burkholderia cepacia JBK9	3:NZ_CP013732.1/CP013732.1	1:NZ_CP013730.1/CP013730.1	2:NZ_CP013731.1/CP013731.1					
Proteobacteria bacterium Nonnen-W8red	chromosome:CP017834.1	1:CP017838.1	2:CP017837.1					
Burkholderia pseudomallei	chromosome:NZ_CP008764.1/CP008764.1	2:NZ_CP008763.1/CP008763.1						
Vibrio cholerae	chromosome:NZ_CP013311.1/CP013311.1	2:NZ_CP013312.1/CP013312.1						
Brucella ceti TE28753-12	I:CP006898.1	II:CP006899.1						
Vibrio anguillarum	I:CP010030.1	II:CP010031.1						
Vibrio anguillarum	I:CP010032.1	II:CP010033.1						
Vibrio anguillarum	I:CP010034.1	II:CP010035.1						
Vibrio anguillarum	I:CP010036.1	II:CP010037.1						
Vibrio anguillarum	I:CP010038.1	II:CP010039.1						
Vibrio anguillarum	I:CP010040.1	II:CP010041.1						
Vibrio anguillarum	I:CP010042.1	II:CP010043.1						
Vibrio anguillarum	I:CP010044.1	II:CP010045.1						
Vibrio anguillarum	I:CP010046.1	II:CP010047.1						
Vibrio anguillarum	I:CP010076.1	II:CP010077.1						
Vibrio anguillarum	I:CP010078.1	II:CP010079.1						
Vibrio anguillarum	I:CP010082.1	II:CP010083.1						
Vibrio anguillarum	I:CP010084.1	II:CP010085.1						
Vibrio anguillarum	I:CP010291.1	II:CP010292.1						
Vibrio anguillarum	I:CP011436.1	II:CP011437.1						
Vibrio anguillarum	I:CP011438.1	II:CP011439.1						
Vibrio anguillarum	I:CP011458.1	II:CP011459.1						
Vibrio anguillarum	I:CP011462.1	II:CP011463.1						
Vibrio anguillarum	I:CP011464.1	II:CP011465.1						
Vibrio anguillarum	I:CP011466.1	II:CP011467.1						
Vibrio anguillarum	I:CP011468.1	II:CP011469.1						
Vibrio anguillarum	I:CP011470.1	II:CP011471.1						
Vibrio anguillarum	I:CP011472.1	II:CP011473.1						
Vibrio anguillarum	I:CP011475.1	II:CP011476.1						
Vibrio cholerae O1 biovar El Tor str. N16961	I:NC_002505.1/AE003852.1	II:NC_002506.1/AE003853.1						
Brucella melitensis bv. 1 str. 16M	I:NC_003317.1/AE008917.1	II:NC_003318.1/AE008918.1						
Brucella suis 1330	I:NC_004310.3/AE014291.4	II:NC_004311.2/AE014292.2						
Leptospira interrogans serovar Lai str. 56601	I:NC_004342.2/AE010300.2	II:NC_004343.2/AE010301.2						
Vibrio vulnificus CMCP6	I:NC_004459.3/AE016795.3	II:NC_004460.2/AE016796.2						
Vibrio vulnificus YJ016	I:NC_005139.1/BA000037.2	II:NC_005140.1/BA000038.2						
Leptospira interrogans serovar Copenhageni str. Fiocruz L1-130	I:NC_005823.1/AE016823.1	II:NC_005824.1/AE016824.1						
Haloarcula marismortui ATCC 43049	I:NC_006396.1/AY596297.1	II:NC_006397.1/AY596298.1						
Vibrio fischeri ES114	I:NC_006840.2/CP000020.2	II:NC_006841.2/CP000021.2						
Brucella abortus bv. 1 str. 9-941	I:NC_006932.1/AE017223.1	II:NC_006933.1/AE017224.1						
Burkholderia pseudomallei 1710b	I:NC_007434.1/CP000124.1	II:NC_007435.1/CP000125.1						
Pseudoalteromonas haloplanktis TAC125	I:NC_007481.1/CR954246.1	II:NC_007482.1/CR954247.1						
Brucella abortus 2308	I:NC_007618.1/AM040264.1	II:NC_007624.1/AM040265.1						
Burkholderia thailandensis E264	I:NC_007651.1/CP000086.1	II:NC_007650.1/CP000085.1						
Burkholderia mallei SAVP1	I:NC_008785.1/CP000526.1	II:NC_008784.1/CP000525.1						
Burkholderia mallei NCTC 10229	I:NC_008836.1/CP000546.1	II:NC_008835.1/CP000545.1						
Burkholderia pseudomallei 668	I:NC_009074.1/CP000570.1	II:NC_009075.1/CP000571.1						
Burkholderia pseudomallei 1106a	I:NC_009076.1/CP000572.1	II:NC_009078.1/CP000573.1						
Burkholderia mallei NCTC 10247	I:NC_009080.1/CP000548.1	II:NC_009079.1/CP000547.1						
Brucella ovis ATCC 25840	I:NC_009505.1/CP000708.1	II:NC_009504.1/CP000709.1						
Vibrio campbellii ATCC BAA-1116	I:NC_009783.1/CP000789.1	II:NC_009784.1/CP000790.1						
Brucella canis ATCC 23365	I:NC_010103.1/CP000872.1	II:NC_010104.1/CP000873.1						
Brucella suis ATCC 23445	I:NC_010169.1/CP000911.1	II:NC_010167.1/CP000912.1						
Leptospira biflexa serovar Patoc strain 'Patoc 1 (Paris)'	I:NC_010602.1/CP000786.1	II:NC_010843.1/CP000787.1						
Leptospira biflexa serovar Patoc strain 'Patoc 1 (Ames)'	I:NC_010842.1/CP000777.1	II:NC_010845.1/CP000778.1						
Vibrio fischeri MJ11	I:NC_011184.1/CP001139.1	II:NC_011186.1/CP001133.1						
Brucella melitensis ATCC 23457	I:NC_012441.1/CP001488.1	II:NC_012442.1/CP001489.1						
Vibrio cholerae M66-2	I:NC_012578.1/CP001233.1	II:NC_012580.1/CP001234.1						
Vibrio cholerae O395	I:NC_012582.1/CP001235.1	II:NC_012583.1/CP001236.1						
Prevotella melaninogenica ATCC 25845	I:NC_014370.1/CP002122.1	II:NC_014371.1/CP002123.1						
Pseudoalteromonas sp. SM9913	I:NC_014803.1/CP001796.1	II:NC_014800.1/CP001797.1						
Vibrio vulnificus MO6-24/O	I:NC_014965.1/CP002469.1	II:NC_014966.1/CP002470.1						
Vibrio anguillarum 775	I:NC_015633.1/CP002284.1	II:NC_015637.1/CP002285.1						
Haloarcula hispanica ATCC 33960	I:NC_015948.1/CP002921.1	II:NC_015943.1/CP002922.1						
Brucella suis VBI22	I:NC_016797.1/CP003128.1	II:NC_016775.1/CP003129.1						
Vibrio cholerae IEC224	I:NC_016944.1/CP003330.1	II:NC_016945.1/CP003331.1						
Brucella melitensis M5-90	I:NC_017246.1/CP001851.1	II:NC_017247.1/CP001852.1						
Brucella melitensis NI	I:NC_017248.1/CP002931.1	II:NC_017283.1/CP002932.1						
Brucella suis 1330	I:NC_017251.1/CP002997.1	II:NC_017250.1/CP002998.1						
Vibrio cholerae LMA3984-4	I:NC_017270.1/CP002555.1	II:NC_017269.1/CP002556.1						
Prevotella intermedia 17	I:NC_017860.1/CP003502.1	II:NC_017861.1/CP003503.1						
Burkholderia pseudomallei BPC006	I:NC_018527.1/CP003781.1	II:NC_018529.1/CP003782.1						
Vibrio parahaemolyticus O1:Kuk str. FDA_R31	I:NC_021847.1/CP006004.1	II:NC_021821.1/CP006005.1						
Vibrio parahaemolyticus O1:K33 str. CDC_K4557	I:NC_021848.1/CP006008.1	II:NC_021822.1/CP006007.1						
Vibrio campbellii ATCC BAA-1116	I:NC_022269.1/CP006605.1	II:NC_022270.1/CP006606.1						
Rhizobium sp. IRBG74	I:NC_022535.1/HG518322.1	II:NC_022545.1/HG518323.1						
Burkholderia pseudomallei NCTC 13179	I:NC_022659.1/CP003976.1	II:NC_022658.1/CP003977.1						
Brucella ceti TE10759-12	I:NC_022905.1/CP006896.1	II:NC_022906.1/CP006897.1						
Erwinia amylovora LA635	I:NZ_CBVS010000001.1/CBVS010000001.1	II:NZ_CBVS010000002.1/CBVS010000002.1	III:NZ_CBVS010000003.1/CBVS010000003.1	IV:NZ_CBVS010000004.1/CBVS010000004.1	V:NZ_CBVS010000005.1/CBVS010000005.1	VI:NZ_CBVS010000006.1/CBVS010000006.1	VII:NZ_CBVS010000007.1/CBVS010000007.1	VIII:NZ_CBVS010000008.1/CBVS010000008.1
Erwinia amylovora LA636	I:NZ_CBVT010000001.1/CBVT010000001.1	II:NZ_CBVT010000002.1/CBVT010000002.1	III:NZ_CBVT010000003.1/CBVT010000003.1	IV:NZ_CBVT010000004.1/CBVT010000004.1	V:NZ_CBVT010000005.1/CBVT010000005.1	VI:NZ_CBVT010000006.1/CBVT010000006.1	VII:NZ_CBVT010000007.1/CBVT010000007.1	VIII:NZ_CBVT010000008.1/CBVT010000008.1
Erwinia amylovora LA637	I:NZ_CBVU010000001.1/CBVU010000001.1	II:NZ_CBVU010000002.1/CBVU010000002.1	III:NZ_CBVU010000003.1/CBVU010000003.1	IV:NZ_CBVU010000004.1/CBVU010000004.1	V:NZ_CBVU010000005.1/CBVU010000005.1	VI:NZ_CBVU010000006.1/CBVU010000006.1	VII:NZ_CBVU010000007.1/CBVU010000007.1	VIII:NZ_CBVU010000008.1/CBVU010000008.1
Burkholderia pseudomallei 1106b	I:NZ_CM000774.1/CM000774.1	II:NZ_CM000775.1/CM000775.1						
Burkholderia pseudomallei 1710a	I:NZ_CM000832.1/CM000832.1	II:NZ_CM000833.1/CM000833.1						
Burkholderia pseudomallei Bp22	I:NZ_CM001156.1/CM001156.1	II:NZ_CM001157.1/CM001157.1						
Vibrio fischeri SR5	I:NZ_CM001400.1/CM001400.1	II:NZ_CM001401.1/CM001401.1						
Vibrio cholerae O1 str. Inaba G4222	I:NZ_CM001785.1/CM001785.1	II:NZ_CM001786.1/CM001786.1						
Vibrio vulnificus VVyb1(BT3)	I:NZ_CM001799.1/CM001799.1	II:NZ_CM001800.1/CM001800.1						
Vibrio cholerae O1 biovar El Tor	I:NZ_CM003111.1/CM003111.1	II:NZ_CM003112.1/CM003112.1						
Vibrio cholerae	I:NZ_CM003192.1/CM003192.1	II:NZ_CM003193.1/CM003193.1						
Burkholderia pseudomallei MSHR1079	I:NZ_CM003194.1/CM003194.1	II:NZ_CM003195.1/CM003195.1						
Burkholderia pseudomallei MSHR1328	I:NZ_CM003196.1/CM003196.1	II:NZ_CM003197.1/CM003197.1						
Burkholderia pseudomallei NCTC 13178	I:NZ_CP004001.1/CP004001.1	II:NZ_CP004002.1/CP004002.1						
Burkholderia pseudomallei NAU20B-16	I:NZ_CP004003.1/CP004003.1	II:NZ_CP004004.1/CP004004.1						
Burkholderia pseudomallei MSHR511	I:NZ_CP004023.1/CP004023.1	II:NZ_CP004024.1/CP004024.1						
Burkholderia pseudomallei MSHR146	I:NZ_CP004042.1/CP004042.1	II:NZ_CP004043.1/CP004043.1						
Burkholderia pseudomallei MSHR520	I:NZ_CP004368.1/CP004368.1	II:NZ_CP004369.1/CP004369.1						
Leptospira santarosai serovar Shermani str. LT 821	I:NZ_CP006694.1/CP006694.1	II:NZ_CP006695.1/CP006695.1						
Vibrio cholerae O1 str. KW3	I:NZ_CP006947.1/CP006947.1	II:NZ_CP006948.1/CP006948.1						
Brucella suis bv. 1 str. S2	I:NZ_CP006961.1/CP006961.1	II:NZ_CP006962.1/CP006962.1						
Brucella canis	I:NZ_CP007629.1/CP007629.1	II:NZ_CP007630.1/CP007630.1						
Brucella suis bv. 2	I:NZ_CP007691.1/CP007691.1	II:NZ_CP007692.1/CP007692.1						
Brucella suis bv. 2	I:NZ_CP007693.1/CP007693.1	II:NZ_CP007694.1/CP007694.1						
Brucella suis bv. 2	I:NZ_CP007695.1/CP007695.1	II:NZ_CP007696.1/CP007696.1						
Brucella suis bv. 2	I:NZ_CP007697.1/CP007697.1	II:NZ_CP007698.1/CP007698.1						
Brucella suis bv. 2	I:NZ_CP007720.1/CP007720.1	II:NZ_CP007721.1/CP007721.1						
Vibrio cholerae O1 biovar El Tor	I:NZ_CP009042.1/CP009042.1	II:NZ_CP009041.1/CP009041.1						
Vibrio vulnificus	I:NZ_CP009261.1/CP009261.1	II:NZ_CP009262.1/CP009262.1						
Burkholderia glumae LMG 2196 = ATCC 33617	I:NZ_CP009435.1/CP009435.1	II:NZ_CP009434.1/CP009434.1						
Burkholderia pseudomallei MSHR840	I:NZ_CP009474.1/CP009474.1	II:NZ_CP009473.1/CP009473.1						
Burkholderia pseudomallei MSHR2543	I:NZ_CP009478.1/CP009478.1	II:NZ_CP009477.1/CP009477.1						
Burkholderia pseudomallei MSHR491	I:NZ_CP009485.1/CP009485.1	II:NZ_CP009484.1/CP009484.1						
Burkholderia ubonensis MSMB22	I:NZ_CP009488.1/CP009488.1	II:NZ_CP009486.1/CP009486.1	III:NZ_CP009487.1/CP009487.1					
Burkholderia pseudomallei 7894	I:NZ_CP009535.1/CP009535.1	II:NZ_CP009536.1/CP009536.1						
Burkholderia pseudomallei K96243	I:NZ_CP009538.1/CP009538.1	II:NZ_CP009537.1/CP009537.1						
Burkholderia pseudomallei	I:NZ_CP009545.1/CP009545.1	II:NZ_CP009546.1/CP009546.1						
Burkholderia sp. 2002721687	I:NZ_CP009549.1/CP009549.1	II:NZ_CP009548.1/CP009548.1						
Burkholderia pseudomallei PB08298010	I:NZ_CP009551.1/CP009551.1	II:NZ_CP009550.1/CP009550.1						
Burkholderia oklahomensis C6786	I:NZ_CP009555.1/CP009555.1	II:NZ_CP009556.1/CP009556.1						
Burkholderia pseudomallei	I:NZ_CP009585.1/CP009585.1	II:NZ_CP009586.1/CP009586.1						
Burkholderia mallei	I:NZ_CP009587.1/CP009587.1	II:NZ_CP009588.1/CP009588.1						
Burkholderia thailandensis 2002721643	I:NZ_CP009601.1/CP009601.1	II:NZ_CP009602.1/CP009602.1						
Burkholderia vietnamiensis LMG 10929	I:NZ_CP009631.1/CP009631.1	II:NZ_CP009630.1/CP009630.1	III:NZ_CP009632.1/CP009632.1					
Burkholderia mallei	I:NZ_CP009642.1/CP009642.1	II:NZ_CP009643.1/CP009643.1						
Burkholderia mallei	I:NZ_CP009707.1/CP009707.1	II:NZ_CP009708.1/CP009708.1						
Brucella suis	I:NZ_CP010850.1/CP010850.1	II:NZ_CP010851.1/CP010851.1						
Pseudoalteromonas translucida KMM 520	I:NZ_CP011034.1/CP011034.1	II:NZ_CP011035.1/CP011035.1						
Leptospira interrogans serovar Bratislava	I:NZ_CP011410.1/CP011410.1	II:NZ_CP011411.1/CP011411.1						
Vibrio anguillarum	I:NZ_CP011460.1/CP011460.1	II:NZ_CP011461.1/CP011461.1						
Vibrio vulnificus	I:NZ_CP011775.1/CP011775.1	II:NZ_CP011776.1/CP011776.1						
Leptospira interrogans serovar Hardjo str. Norma	I:NZ_CP012603.1/CP012603.1	II:NZ_CP012604.1/CP012604.1						
Pseudoalteromonas phenolica	I:NZ_CP013187.1/CP013187.1	II:NZ_CP013188.1/CP013188.1						
Streptomyces hygroscopicus subsp. limoneus	I:NZ_CP013219.1/CP013219.1	II:NZ_CP013220.1/CP013220.1						
Pseudoalteromonas issachenkonii	I:NZ_CP013350.1/CP013350.1	II:NZ_CP013351.1/CP013351.1						
Vibrio alginolyticus	I:NZ_CP013484.1/CP013484.1	II:NZ_CP013485.1/CP013485.1						
Vibrio parahaemolyticus	I:NZ_CP013826.1/CP013826.1	II:NZ_CP013827.1/CP013827.1						
Burkholderia sp. KK1	I:NZ_CP015999.1/CP015999.1	II:NZ_CP016000.1/CP016000.1	III:NZ_CP016001.1/CP016001.1					
Vibrio coralliilyticus	I:NZ_CP016556.1/CP016556.1	II:NZ_CP016557.1/CP016557.1						
Butyrivibrio hungatei	I:NZ_CP017831.1/CP017831.1	II:NZ_CP017830.1/CP017830.1						
Erythrobacter gangjinensis	I:NZ_CP018097.1/CP018097.1	II:NZ_CP018098.1/CP018098.1						
Prevotella intermedia ATCC 25611 = DSM 20706	I:NZ_CP019300.1/CP019300.1	II:NZ_CP019301.1/CP019301.1						
Prevotella intermedia	I:NZ_CP019302.1/CP019302.1	II:NZ_CP019303.1/CP019303.1						
Vibrio campbellii	I:NZ_CP019634.1/CP019634.1	II:NZ_CP019635.1/CP019635.1						
Brucella melitensis	I:NZ_CP019679.1/CP019679.1	II:NZ_CP019680.1/CP019680.1						
Ruminococcus bicirculans	I:NZ_HF545616.1/HF545616.1	II:NZ_HF545617.1/HF545617.1						
Brucella canis str. Oliveri	I:NZ_HG803175.1/HG803175.1	II:NZ_HG803176.1/HG803176.1						
Clostridium bornimense	I:NZ_HG917868.1/HG917868.1	II:NZ_HG917869.1/HG917869.1						
Vibrio anguillarum	I:NZ_LK021130.1/LK021130.1	II:NZ_LK021129.1/LK021129.1						
